-6212,-4048,-18300,-20974,-3829,-23709,-13772,13208,-25508,17177,-2038,29369,6352,-16420,3448,5649,1929,-196
-7520,-680,-25572,-32768,5175,-26728,-13744,7796,-16836,20188,10375,21012,5904,-18108,4100,2729,1029,-247
-10948,3172,-31432,-32768,13412,-23448,-16112,8264,-28708,25353,14779,21892,7544,-19540,2900,-2938,1931,-244
-15100,7156,-32288,-32768,13701,-15649,-17344,6772,-31096,16861,22757,14008,5520,-22096,3496,-8055,1712,-1763
-19328,10480,-31764,-32768,16934,744,-17908,2488,-31524,19198,29303,12386,5796,-24300,1804,-10743,-4011,-1591
-18904,12784,-26492,-32768,15839,11627,-17388,-1256,-32392,19041,30510,11189,8288,-28160,-2748,-10348,-7820,-1064
-10796,22912,-25056,-32768,6335,11602,-9348,-13660,-32424,20662,32767,-4621,6244,-32232,-316,-10794,-8936,137
-9584,19312,-19792,-32768,709,10150,-6156,-12640,-22888,20954,29632,-9706,10360,-31820,-4276,-7777,-6476,-980
-8408,9628,-10772,-27916,-2502,19423,-3448,-7104,-10296,12823,24162,-17248,9248,-26544,-988,-6245,-3671,525
-4984,7668,-1408,-22871,481,18212,1260,-7660,-2720,3256,23473,-16059,4948,-12848,1300,-6521,2352,327
-6200,4924,-3268,-22018,-1902,7704,-896,-11100,-3108,2844,19053,-20506,2748,-3912,1488,-1670,1807,3562
-5412,3808,-13188,-10007,-360,27665,-5964,-8076,-8376,5854,15681,-18814,832,80,-976,1593,1658,7119
-10592,4776,-10948,-23984,-5434,22969,-6524,-5664,-9284,8660,14557,-19174,7220,-832,1640,-1220,-479,4108
-5040,756,-6540,-21431,-2285,30839,-4928,-304,-8868,6570,17484,-21004,2392,-236,-2744,-2130,2444,-641
4996,-7668,-5964,-26831,-3794,20989,-1548,4600,-2804,6503,21159,-19330,4408,-12468,-1756,-875,5330,87
-7520,-680,-25572,-32768,5175,-26728,-13744,7796,-16836,20188,10375,21012,5904,-18108,4100,2729,1029,-247
-10948,3172,-31432,-32768,13412,-23448,-16112,8264,-28708,25353,14779,21892,7544,-19540,2900,-2938,1931,-244
-15100,7156,-32288,-32768,13701,-15649,-17344,6772,-31096,16861,22757,14008,5520,-22096,3496,-8055,1712,-1763
-19328,10480,-31764,-32768,16934,744,-17908,2488,-31524,19198,29303,12386,5796,-24300,1804,-10743,-4011,-1591
-18904,12784,-26492,-32768,15839,11627,-17388,-1256,-32392,19041,30510,11189,8288,-28160,-2748,-10348,-7820,-1064
-14168,13916,-21536,-28375,9442,15547,-14472,-4968,-26152,16368,28755,5736,7996,-27320,-4228,-8619,-4061,-1591
-8984,10580,-10984,-20632,8210,17471,-7784,-5184,-18220,15969,26198,4769,5852,-22724,-1340,-7455,-4720,359
-824,12324,-2048,-15694,12434,13699,2260,-5176,-12112,3367,24305,-4219,3744,-7420,768,-4624,-2728,1889
-3972,12268,-2108,-25804,9846,7433,-1360,-9788,-12748,6530,28990,-4328,1636,-1396,2064,-2173,-1507,2690
-9204,11692,-6456,-25591,3708,17744,-5496,-10720,-14176,9569,29688,-8949,2196,-444,552,2076,1895,4618
-10548,13284,-8988,-26867,1628,19363,-9108,-9928,-16412,10713,29687,-14085,3300,-720,1276,1661,-3503,2168
-8752,13756,-7664,-21369,547,22455,-4724,-15412,-19600,23821,22656,-6515,-812,-456,-1852,1377,-4168,3251
-8916,10668,-16108,-12417,-2958,27990,-7604,-5352,-18724,29213,16162,-18636,6564,-22952,-6324,-3775,2973,1480
-160,2720,-8452,-32573,-1383,25485,4300,5464,-6776,22451,20979,-28580,7636,-32768,-9120,-16057,10424,-6666
6220,-19464,4612,-25803,-12118,32709,4088,14480,1028,11893,18024,-31518,3192,-17000,-10076,-7196,14173,4613
21560,-23276,14412,-25230,-1852,14950,2232,27284,10744,31294,18230,-13167,3292,-17576,-8332,-56,4983,2382
19236,-32768,3228,-16145,-18873,11690,4084,32767,17452,-10696,7387,-13574,5884,-21012,-9504,-1244,-8334,-3893
19740,-30780,-2012,17873,3529,-8777,1480,26696,13904,-11783,-1165,6730,6484,-18516,-9124,-929,-3988,452
13400,-23864,2472,22794,6305,-23012,2204,20344,13132,-20520,-8100,11699,5804,-24156,-8456,4127,3961,-936
5424,-7924,1368,30436,9825,-27655,900,8400,13420,-17868,-15320,13215,8620,-31340,-9824,4315,-957,-3303
-6732,-11860,2996,23763,-4199,-30230,-8244,3468,4012,-18878,-23639,10740,6460,-22244,-7096,788,-5398,-4287
-19840,-228,-15480,32767,-8165,-20880,-17032,-3772,-15312,-24187,-32768,12557,-32,-6748,484,922,-765,2030
-16216,8744,-19884,32767,-14450,-11425,-16188,-11808,-20948,-32768,-32768,4644,-252,-1104,3812,9332,1732,5862
-14020,8368,-20216,22919,-15920,-8510,-12556,-11224,-21784,-11294,-32768,-1415,3352,-2120,424,10266,-1207,4192
-5148,6864,-15436,19621,-18172,1460,-1220,-984,-20552,-7703,-32768,-6611,3564,-1624,-536,6042,1334,-729
1468,11408,-18108,16819,-18374,4997,-2444,-6048,-23188,-4264,-31563,-10975,3492,-1780,-932,3189,-47,-4184
3528,11120,-25452,15868,-23457,6207,-2228,10508,-32768,-118,-32768,-17925,7800,-31412,-15292,2579,2135,-6610
284,8568,-32680,15412,-30985,761,284,8568,-32680,15412,-30985,761,23956,-32768,10032,379,-11611,-2639
-520,6812,-32360,17446,-29995,1920,-11056,2888,-30960,-2845,-32768,-20866,8636,-20548,-5356,9883,-6043,-1445
-2812,-904,-32768,21627,-28994,11582,-17736,2880,-32648,696,-30878,-16666,6420,-12740,-2480,10300,-1045,3594
612,-1500,-32272,20998,-28450,10901,-10444,9148,-28484,-19558,-32768,-32574,6348,-15976,-4568,-4297,10235,-396
408,88,-25972,11189,-28480,5803,-15360,2576,-8320,-2316,-17373,-20865,2664,-17360,7124,-6260,9041,-1098
-8680,1260,-19380,-13041,251,-29654,-2612,-5684,-23080,-32768,11366,-20255,4204,-17956,1724,2142,4229,3000
-5116,3804,-16652,-3137,-14154,6686,-10336,8512,-14456,20064,-12156,3773,3972,-14956,-1872,4349,4847,3435
-6324,-2396,-13680,-15315,14361,-22551,-10904,8832,-9000,14353,11389,17446,2564,-15116,-100,2957,-296,1176
4996,-7668,-5964,-26831,-3794,20989,-1548,4600,-2804,6503,21159,-19330,4408,-12468,-1756,-875,5330,87
13364,-32768,10708,-32768,-6274,16188,2908,24420,26804,32767,23078,-2292,1052,-32768,-2352,6445,2436,-9906
20196,-32768,4616,-14934,-18185,1114,-4692,32716,21480,-1327,3019,-12491,5772,-18988,-4236,2727,-3605,1459
22528,-32768,2476,7679,-13423,-7250,5888,25628,12684,-9980,-17455,466,10068,-23200,-3924,-83,2973,1111
17244,-18344,-7448,25707,3326,-6887,4312,19996,7308,-3647,-12585,9606,5552,-20876,-3740,-443,2074,-1940
9868,-11468,-4384,25639,-1924,-21763,-200,12672,648,-10943,-17842,13833,4120,-14876,-2348,-2146,273,-656
3688,-8472,-2540,24166,273,-22602,-1996,6588,-2772,-12000,-17919,22700,5412,-12716,-3532,1201,-2814,-828
-8772,-9108,-1036,32767,-680,-1961,-2784,-1536,-8692,-13352,-17049,29192,4384,-10284,-908,4400,-3589,-64
9108,4352,-30108,32767,-11465,2618,5672,-6476,-9504,-18283,-17287,23763,5452,-11356,-2792,7201,2315,-743
13048,19660,-10160,17357,-16181,-18446,10224,-14348,-18032,-27348,-23547,11147,5064,-32768,-836,4928,-939,-4208
3552,14784,-11188,26031,-9311,-14352,252,-19072,-21848,-9090,-25820,12281,14760,-32768,-3844,-12263,-18533,-5984
-9568,9056,-26480,29774,-29433,-8635,-11624,-10624,-27128,-16713,-32768,9889,8900,-17288,-5724,-10943,5234,3382
-6844,15172,-24084,32767,-23086,-5961,-6648,-12796,-22400,-12721,-32768,4756,680,-7152,4184,4827,14548,7017
-1904,10048,-18404,31371,-24797,-2817,-5960,-7316,-18292,-6384,-32768,-7021,-352,332,416,12980,14692,6002
3404,3936,-17080,20922,-29530,4127,1464,-6852,-11924,-10005,-32768,-12193,9012,1232,-6032,12005,13592,8993
3692,8972,-16120,15692,-22909,5456,1244,796,-23216,-8103,-32768,-9875,2536,1760,3992,14973,4342,10683
-8132,3612,-30252,16629,-23488,16770,-12916,-2256,-28964,-12127,-29672,-14159,2308,-28892,-1136,4415,-2784,-1207
-12576,-7476,-32768,15048,-27294,20185,-25804,1492,-32768,-30181,-32768,-20849,-2140,-32768,32767,-32768,-29062,-14966
-7364,-4468,-26620,2717,-29459,14977,-17912,6980,-20888,-12187,-23484,-8595,13260,-18504,-14320,4586,-4927,-1762
-8456,-3196,-20556,13801,-15625,21317,-14512,6080,-13664,-28895,11452,-13905,928,-14380,4980,12898,1436,7197
6484,-6592,-9884,32767,21605,31921,-13084,2660,-9364,3744,-1470,-3794,4436,-13060,-1268,-1853,-8973,2137
-8468,-5384,-11512,16242,842,20215,-12124,1344,-8068,1812,3480,1229,6724,-18576,2820,-3027,-4055,-338
3128,24208,-2704,-32442,8995,-19483,-14292,-1152,-7680,-944,7265,2385,3608,-17876,1920,269,3298,1083
7460,4000,32767,16564,-28595,-10323,-17080,-3396,-7584,2711,4639,3423,2536,-16988,-148,1363,2505,1623
-20396,2920,-32696,-12889,3678,-14239,-15524,-452,-7524,7644,1737,2508,8880,-15988,-1388,1146,-204,1599
-6312,-11272,-968,-11124,-8131,-7530,-13816,-508,-7072,2100,1725,530,2688,-16628,1524,-476,-160,-249
-8548,-3372,-11932,-10415,-3918,-14137,-12384,1316,-8944,4035,-4090,1854,2984,-15200,520,2221,1425,562
-4976,-1728,-13288,-20179,-3457,-22815,-10124,160,-9144,13989,-1769,9131,3324,-14636,884,4249,596,-222
-7376,412,-19228,-32107,1435,-26760,-7448,2560,-19292,26737,3688,15727,2912,-12544,1048,3902,2834,-1054
-6364,3052,-21808,-32768,6049,-17546,-7624,972,-28052,26819,14583,12267,5392,-12564,2188,2640,1158,-180
-12428,14764,-26992,-32768,19511,-3797,-10860,-4604,-32768,23107,30173,5571,3768,-16296,3364,-3559,-816,-2500
-13472,22144,-31436,-32768,12040,2219,-11856,-10716,-32768,19934,32767,1397,3472,-17340,2812,-4686,1379,-2319
-16272,30732,-28504,-32768,15841,9325,-16424,-22632,-32768,24277,32767,-6516,4492,-21416,-4448,-11281,-2637,-2999
-28540,32767,-28668,-32768,9712,16869,-21904,-16416,-32768,-1551,32767,-4086,7392,-31312,-1896,-13254,-6652,-2369
-19972,25924,-17780,-32768,6333,24795,-17784,-14564,-29596,21624,32767,-11867,8392,-32768,-6444,-9015,3494,-4117
-14312,8836,-11924,-29598,-1865,30334,-13276,-8652,-15372,10208,32767,-20010,5940,-26492,-2112,-7911,-572,1501
-2092,5304,-616,-15672,1638,29752,-4788,-4132,-5056,10470,29077,-23015,5056,-14000,-68,-6599,-426,1731
-6472,5424,-6856,-17347,5223,12469,-4748,-8152,-2188,4205,21515,-15608,200,-4400,2076,-1866,4588,2174
-8748,644,-10740,-10923,5734,20550,-9732,-4596,-8360,5861,15528,-17228,1300,568,680,2954,-512,4869
-9664,304,-13596,-17767,2737,26432,-11224,-3696,-9588,8296,17371,-19787,3376,12,-520,2063,-173,2392
-6880,-1168,-10416,-18716,5513,27435,-10004,224,-6864,2230,20142,-21644,3464,480,-420,3135,1267,-452
88,-8808,-2768,-22876,8199,23271,-4536,8476,456,2954,22712,-17438,804,-3020,-980,-43,2716,2415
7932,-29972,15816,-32768,-1806,9890,756,17100,26380,32767,27457,4073,10088,-23476,-652,4184,2643,-2332
11272,-27216,16408,-1617,163,8965,4592,23572,21492,-2875,-2635,-5644,3560,-32768,2368,6642,-3477,-5462
-12428,14764,-26992,-32768,19511,-3797,-10860,-4604,-32768,23107,30173,5571,3768,-16296,3364,-3559,-816,-2500
-13472,22144,-31436,-32768,12040,2219,-11856,-10716,-32768,19934,32767,1397,3472,-17340,2812,-4686,1379,-2319
-16272,30732,-28504,-32768,15841,9325,-16424,-22632,-32768,24277,32767,-6516,4492,-21416,-4448,-11281,-2637,-2999
-28540,32767,-28668,-32768,9712,16869,-21904,-16416,-32768,-1551,32767,-4086,7392,-31312,-1896,-13254,-6652,-2369
-19972,25924,-17780,-32768,6333,24795,-17784,-14564,-29596,21624,32767,-11867,8392,-32768,-6444,-9015,3494,-4117
-14312,8836,-11924,-29598,-1865,30334,-13276,-8652,-15372,10208,32767,-20010,5940,-26492,-2112,-7911,-572,1501
-4492,-6336,-6056,32767,-30211,-16383,-8748,3876,-17288,-32768,-32768,-5179,3304,-4620,-1200,-2998,3371,2259
-12536,10016,32767,32767,-16466,7916,-11124,-13328,-18492,-26276,-32768,2873,1064,-1716,3320,4843,7666,5464
-11340,4524,-19500,19220,-25303,-13800,-7760,-4060,-18392,-426,-32768,5209,2332,-1576,2252,7085,1978,4811
-5752,9340,-17708,14806,-22182,-4391,-3996,-4964,-17788,2638,-32768,145,2312,-1132,1084,7258,2381,1888
-2152,11200,-21152,12093,-24351,-429,-4500,-3172,-21208,2572,-30478,-5073,3348,-2964,-1836,6846,3860,-3
-1620,10672,-29444,15720,-30927,-2070,-5264,388,-32768,2182,-32768,-7044,11352,-32768,-16520,6661,3348,-2092
11352,-32768,-16520,6661,3348,-2092,11352,-32768,-16520,6661,3348,-2092,11352,-32768,-16520,6661,3348,-2092
56,10564,-32768,26343,-24916,6329,-9164,680,-32768,-3557,-32768,-16987,-3128,-13196,-2584,2772,7781,6069
-9324,4912,-31956,-2351,-32768,-4220,-18372,3652,-31672,-7557,-32194,-17202,6508,-16388,3768,7864,-56,6667
-9304,10952,-29348,22168,-21814,4489,-15716,-536,-22440,-22666,-27943,-24800,4096,-18916,192,-1208,-5518,-2532
-5500,1928,-21280,16413,-31661,8549,-14212,3820,-16396,-4499,-13447,-24427,4036,-15720,3036,-5333,4316,-114
-8684,3204,-14348,17713,-9438,12044,-16892,18136,-26956,-31169,-7631,-18592,3744,-17044,3004,87,2557,1533
-19860,8680,-6924,20574,-5481,-1742,-12968,-8076,-11092,-25501,6302,-15277,8028,-17208,1200,2755,-1954,1451
-13408,-6308,684,9364,-14613,608,-15656,2660,-5524,11498,-371,-4191,3724,-16892,892,-2221,-467,-195
-12848,-1696,-9300,-1757,458,966,-14072,3532,-8764,7408,5751,4405,4464,-17632,1464,288,-997,-169
-12204,-2560,-9176,-2025,3956,-3947,-15420,124,-7564,2707,-6,6224,4388,-16852,1492,551,-205,-239
-11412,-4076,-10568,-1794,4560,-7553,-14636,728,-8484,11745,-3862,10592,4196,-16460,1720,315,860,-62
-9764,-4040,-11920,-3987,2919,-11642,-16276,-1580,-10276,24735,-5678,16450,4240,-16244,1980,1197,1023,-630
-8268,-4148,-14400,-9923,3975,-16095,-13860,656,-11824,19338,-2214,16418,3784,-15880,2148,2130,1292,-103
-5276,2684,-18340,-28122,6789,-13162,-8640,-792,-15180,32767,4581,24889,2264,-12716,2688,1709,3457,481
-3380,5968,-21652,-32768,11775,-15815,-8056,560,-28164,32767,24774,19412,3952,-11612,2728,1149,1659,291
-4716,24440,-24692,-32768,27855,-16236,-8224,-5396,-30892,19101,32767,6664,4204,-12404,3904,-1726,-1091,-1208
-12660,16620,-28900,-32768,24249,-7228,-13660,-13048,-32768,15110,32767,354,2028,-15080,8656,-4312,1442,-1408
-17892,25456,-30004,-32320,24278,5981,-17248,-18040,-32768,18106,32767,-5132,2568,-17548,3576,-7618,-1335,-2696
-15780,24416,-32768,-32768,11048,7770,-18200,-22628,-32768,31844,32767,-1844,5976,-26400,144,-9450,-6320,-1389
-16424,22684,-32188,-32768,7110,13641,-15764,-18116,-29484,20183,32767,-10859,9084,-32768,-6088,-12779,-2556,-3282
-8408,16452,-17520,-32768,1528,19385,-8416,-10064,-15116,13503,25051,-21811,10828,-30284,-7984,-6193,3999,1015
-4440,5876,-4704,-22975,2956,20190,-2296,-12712,-5964,-331,24626,-23555,6188,-23256,-976,-3430,6132,-3062
-2888,4364,-6532,-21690,-2551,14346,-3844,-8360,-4608,11678,22405,-15266,2968,-9468,-176,-4491,1956,233
-7888,8288,-9900,-22768,1793,9775,-9264,-6012,-5612,7002,13426,-17948,-32,-1888,1740,-1686,3855,4943
-11412,-4076,-10568,-1794,4560,-7553,-14636,728,-8484,11745,-3862,10592,4196,-16460,1720,315,860,-62
-9764,-4040,-11920,-3987,2919,-11642,-16276,-1580,-10276,24735,-5678,16450,4240,-16244,1980,1197,1023,-630
-8268,-4148,-14400,-9923,3975,-16095,-13860,656,-11824,19338,-2214,16418,3784,-15880,2148,2130,1292,-103
-5276,2684,-18340,-28122,6789,-13162,-8640,-792,-15180,32767,4581,24889,2264,-12716,2688,1709,3457,481
-3380,5968,-21652,-32768,11775,-15815,-8056,560,-28164,32767,24774,19412,3952,-11612,2728,1149,1659,291
-4716,24440,-24692,-32768,27855,-16236,-8224,-5396,-30892,19101,32767,6664,4204,-12404,3904,-1726,-1091,-1208
-12660,16620,-28900,-32768,24249,-7228,-13660,-13048,-32768,15110,32767,354,2028,-15080,8656,-4312,1442,-1408
-17892,25456,-30004,-32320,24278,5981,-17248,-18040,-32768,18106,32767,-5132,2568,-17548,3576,-7618,-1335,-2696
-15780,24416,-32768,-32768,11048,7770,-18200,-22628,-32768,31844,32767,-1844,5976,-26400,144,-9450,-6320,-1389
-16424,22684,-32188,-32768,7110,13641,-15764,-18116,-29484,20183,32767,-10859,9084,-32768,-6088,-12779,-2556,-3282
-8408,16452,-17520,-32768,1528,19385,-8416,-10064,-15116,13503,25051,-21811,10828,-30284,-7984,-6193,3999,1015
-4440,5876,-4704,-22975,2956,20190,-2296,-12712,-5964,-331,24626,-23555,6188,-23256,-976,-3430,6132,-3062
-2888,4364,-6532,-21690,-2551,14346,-3844,-8360,-4608,11678,22405,-15266,2968,-9468,-176,-4491,1956,233
-7888,8288,-9900,-22768,1793,9775,-9264,-6012,-5612,7002,13426,-17948,-32,-1888,1740,-1686,3855,4943
-9120,-3492,-12328,-26077,-5337,17237,-10576,-2280,-4960,10289,12265,-20418,836,156,2596,-850,3484,7569
-9492,-1672,-11116,-25324,-5188,25433,-11392,336,-5244,5446,15863,-20568,2572,-972,2540,-1338,424,6977
-4056,-8104,-9596,-24489,-4842,22729,-8648,1048,-2124,6260,14914,-17625,2776,-100,-972,-4353,1058,2104
5380,-10476,3712,-29782,171,16586,2136,6120,7444,22434,16153,-8937,4480,-7952,-1696,-1340,1440,406
12592,-32768,20384,-32768,-9917,11539,5884,26584,22024,32767,9170,-6929,9024,-32768,-12664,11494,10669,-6019
19136,-30120,5716,8902,-5307,3560,9880,26628,11568,2287,-6868,-1239,-316,-26628,-524,8893,-2638,-1125
-7220,9616,-32768,13421,-32768,-555,-18756,-2528,-29496,-3125,-32768,-8519,-18852,-15644,32767,8648,-2725,8470
-6628,8432,-22120,11963,-27353,-474,-13732,-1552,-23572,-15262,-32768,-17484,4460,-15808,-468,-4626,2008,-1095
-11348,4276,-20436,14505,-26088,10497,-13388,-1648,-20184,-7886,-32768,-23790,4424,-17968,4212,-3358,-5420,-224
-11816,2760,-13568,7856,-23068,4809,-19364,9408,-14812,-19257,-11674,-12010,4612,-16568,452,1892,-1030,395
-10764,2632,-10196,20093,-11029,9682,-10180,-2760,-13636,-32768,1031,-13356,2760,-16280,904,747,-951,1469
-15056,3012,-11504,11002,7317,1344,-17520,3008,-7848,32327,-15581,-1707,4412,-17952,1736,582,-1158,694
-14592,-2236,-7856,-34,-1315,1259,-17408,152,-7788,7699,6347,1538,4060,-16268,328,101,857,-695
-13440,-2144,-6960,-3257,1667,-1731,-16008,-764,-6012,2608,5336,1718,4112,-17480,504,-123,1403,314
-12532,-3324,-10672,7035,10744,-7356,-15128,52,-5512,10877,3791,6996,3988,-17456,988,38,1653,-91
-10836,-6772,-12464,9157,11357,-12079,-14792,-572,-6636,12541,2841,10626,3736,-16984,664,1587,2173,230
-9992,-4024,-13652,-3949,4874,-15288,-14788,-708,-9908,13153,1880,13232,3056,-15724,792,2758,1501,37
-5668,-3448,-15488,-18698,-147,-20389,-11960,-1560,-10668,20873,-1680,15818,2576,-14372,1100,3846,1957,94
-6584,2052,-18688,-32768,201,-22532,-8964,-2024,-16352,25631,7999,15789,1844,-10868,2572,4226,588,205
-9856,10476,-23860,-32768,25076,-16989,-9868,-5088,-22344,24605,15389,9703,4904,-12664,2148,2142,-3479,-1304
-7700,19040,-25872,-32768,28073,-11765,-10928,-14224,-29684,30331,30123,3939,4452,-13712,4480,-1844,-2871,-2650
-14148,16832,-30436,-32768,20082,-2159,-16408,-19332,-32768,32767,32767,-6789,4680,-14956,528,-7228,-1304,-200
-13344,20512,-30752,-32768,14329,11804,-18520,-26068,-32684,28998,32767,-14818,5260,-17924,1316,-7364,15,-1860
-14676,28448,-32768,-32768,12237,7796,-22944,-27084,-32768,32767,32767,-1,6328,-24352,-448,-9200,-2831,-2297
-12324,23916,-28468,-32768,4910,11184,-16480,-20636,-22788,17480,27469,-21992,6988,-32768,-4032,-15099,-946,-3626
-8684,20016,-20360,-31299,80,23862,-9500,-15204,-15476,8750,17543,-26895,13128,-32768,-8492,-9019,-2022,1306
-4060,12736,-7224,-25723,1190,23840,-1012,-15520,-6848,-9285,17183,-31371,7252,-26440,-2988,-4807,3783,-1413
-3348,4856,-4680,-26519,-1579,13610,-1268,-11572,-4116,7599,20935,-18926,1412,-11980,-1360,-6884,1379,-548
-3320,-600,-7872,-12745,-3611,20928,-6632,-7256,-4928,16885,14024,-18933,852,-5016,5980,-5643,-1307,4939
-7784,752,-8176,-15923,5870,21339,-7532,888,-3944,9634,12771,-18572,2244,-1012,176,8,-2370,7326
-7796,-1432,-7256,-18294,3160,20182,-9500,-400,-3088,1420,13360,-20967,3884,-1144,-576,470,207,5162
-5548,-2588,-7180,-22636,5688,16094,-9992,-1072,-4040,3136,13297,-17967,3380,60,-52,443,2218,24
1344,-9112,-996,-12353,14339,23893,-6436,4068,-2188,6046,12493,-17097,2596,1028,1596,1455,710,888
3200,-16408,11440,-32517,5824,8487,7268,12292,20548,28798,19229,-5103,5572,-18924,-5504,625,4480,-2523
9576,-32768,24592,-10724,-8860,13471,13212,32767,18852,13146,5169,-7513,5676,-32768,-14332,10768,7478,-9384
15548,-18624,13488,7731,-11089,631,13868,17488,13392,-7531,-8650,-865,6768,-25444,-5068,2879,-6063,1944
15988,-29828,14436,2381,-4410,-1875,15020,21820,8084,-5939,-6889,3386,8252,-17404,-9308,-850,1018,-596
14472,-15912,12604,15940,-3832,-7563,17548,10268,8204,-7831,-8075,11879,5852,-23216,-4036,-204,6948,983
13980,-14116,14056,22193,-1180,-11300,19064,11880,6528,-13078,-7564,12339,6248,-28656,-5552,-2022,1866,-1471
10000,-15816,15436,29479,-5437,-5305,10908,8460,10080,-12351,-9132,11020,8676,-32508,-8960,-5149,-4782,-3977
8,-4724,1880,32767,-13051,-2197,-2628,7376,1504,-23241,-18749,8349,6416,-23468,-2992,-2218,-10087,-2708
-18932,-3620,-8052,32767,-32768,-1721,-16036,-440,-10164,-31324,-26905,10566,4744,-11360,-9900,1392,-2750,3693
-3320,-600,-7872,-12745,-3611,20928,-6632,-7256,-4928,16885,14024,-18933,852,-5016,5980,-5643,-1307,4939
-7784,752,-8176,-15923,5870,21339,-7532,888,-3944,9634,12771,-18572,2244,-1012,176,8,-2370,7326
-7796,-1432,-7256,-18294,3160,20182,-9500,-400,-3088,1420,13360,-20967,3884,-1144,-576,470,207,5162
-5548,-2588,-7180,-22636,5688,16094,-9992,-1072,-4040,3136,13297,-17967,3380,60,-52,443,2218,24
1344,-9112,-996,-12353,14339,23893,-6436,4068,-2188,6046,12493,-17097,2596,1028,1596,1455,710,888
3200,-16408,11440,-32517,5824,8487,7268,12292,20548,28798,19229,-5103,5572,-18924,-5504,625,4480,-2523
9576,-32768,24592,-10724,-8860,13471,13212,32767,18852,13146,5169,-7513,5676,-32768,-14332,10768,7478,-9384
15548,-18624,13488,7731,-11089,631,13868,17488,13392,-7531,-8650,-865,6768,-25444,-5068,2879,-6063,1944
15988,-29828,14436,2381,-4410,-1875,15020,21820,8084,-5939,-6889,3386,8252,-17404,-9308,-850,1018,-596
14472,-15912,12604,15940,-3832,-7563,17548,10268,8204,-7831,-8075,11879,5852,-23216,-4036,-204,6948,983
13980,-14116,14056,22193,-1180,-11300,19064,11880,6528,-13078,-7564,12339,6248,-28656,-5552,-2022,1866,-1471
10000,-15816,15436,29479,-5437,-5305,10908,8460,10080,-12351,-9132,11020,8676,-32508,-8960,-5149,-4782,-3977
8,-4724,1880,32767,-13051,-2197,-2628,7376,1504,-23241,-18749,8349,6416,-23468,-2992,-2218,-10087,-2708
-18932,-3620,-8052,32767,-32768,-1721,-16036,-440,-10164,-31324,-26905,10566,4744,-11360,-9900,1392,-2750,3693
-11864,4328,-10344,-1969,-4117,9280,-15196,-4880,-7792,4677,1879,-7825,3980,-17320,1452,1457,-708,-775
-11648,588,-9176,-1965,2513,3276,-14508,-3420,-6908,3500,3975,-2467,4108,-16996,1708,-224,2191,-171
9564,-3896,-7864,32767,-6167,-11795,-13544,-2012,-6540,10302,6089,4848,4764,-17044,-20,1062,362,-723
-9504,-3996,-10784,2482,12757,-11572,-14144,-1060,-7628,6176,12399,12429,4988,-16940,752,1425,58,-700
-7020,-3608,-13048,4407,9119,-14087,-14880,-2432,-9088,13502,8757,18405,4652,-15696,1836,2350,1722,-355
-7992,-2740,-15928,-30602,-7199,-27276,-15376,-2760,-10612,15733,10074,22301,2700,-14604,3572,1368,1692,-523
-11608,3516,-13868,-32768,16004,-32768,-14488,-4756,-10528,24859,17787,23604,1972,-12268,2016,1039,4115,-1206
-12652,8984,-21028,-32768,20860,-28298,-12984,-6184,-15744,31111,26877,20106,2372,-12248,1800,-618,1673,198
-12844,10232,-15052,-32768,28841,-7373,-12936,-12332,-20676,24692,32767,10134,4944,-14004,6776,-552,-3547,-1824
-13644,21308,-20832,-32768,23249,-10170,-13180,-20644,-24352,24949,32767,-102,4616,-15656,2492,-3508,-1002,-1903
-20864,26940,-27324,-32768,10231,-10731,-12752,-27792,-26252,22902,32767,-7879,5684,-19528,2108,-7713,-2696,-220
-24584,28660,-23532,-32768,7151,10574,-16384,-32768,-26236,23001,32767,-14585,7040,-23764,-1976,-6713,-55,1452
-29620,30972,-26032,-32768,-1821,3814,-17996,-32768,-25432,26527,27890,-19301,8860,-32768,-3500,-7045,2035,-1975
-19680,14540,-15480,-32675,-15580,20599,-14420,-24696,-16304,27053,17375,-23182,8412,-32768,-3000,-10571,-3956,-1036
-13448,9784,-6612,-26097,-19580,30149,-10812,-12788,-6652,12852,9412,-31060,10768,-27060,-5296,-5187,-1769,782
-8836,4256,-5764,-24211,-20760,24208,-6000,-9728,-1988,543,8230,-32396,3580,-10252,-316,-5542,5534,-1132
-3712,3048,-9880,-11655,-12828,32309,-7792,-9124,-5848,7112,11030,-28591,-1324,-1512,2796,-5836,1503,5328
-7412,1384,-10216,-16529,-7437,29952,-9812,-3268,-5392,6784,6311,-27153,1168,-900,1688,-1688,-2563,9934
-7128,-2500,-11348,-11114,-4229,32767,-8756,-92,-7368,267,8957,-29623,3300,-1996,-220,-3872,-3927,4342
-2996,-2348,-8932,-13292,7472,27330,-8448,1868,-8236,282,13532,-25189,2684,-616,-620,-3522,780,-1416
2300,-10828,-4244,-17126,10703,12025,-5064,10556,-3616,3459,19286,-14402,756,64,-1332,-3627,1983,1200
6672,-20416,4916,-27002,1386,7170,2724,16472,15440,28712,21334,2475,7000,-17776,-8528,-4714,6146,745
13828,-32768,14372,-23296,-2528,14138,8600,32767,19060,12406,6706,-1881,32,-32768,-14112,16297,15027,-2885
21024,-32768,9296,3058,-12408,-5647,11276,23792,10864,-10911,-9184,-4985,1196,-20788,-1580,3431,-10228,2075
19304,-13660,7920,16577,2007,-1801,14360,17212,11744,-5836,-5946,4911,7632,-17692,-8040,-3963,-2339,-1431
20092,-20588,12432,22368,3140,-10140,16560,17568,9264,-8957,-7152,9622,4960,-27524,-8088,-921,4392,-1371
15172,-10956,12776,28175,2490,-16816,14908,10792,10576,-12119,-10609,10756,6012,-32220,-9640,-3881,-577,-3173
3044,-9408,10692,23541,-3169,-23406,5740,9056,6756,-6226,-14944,14537,7276,-30892,-8240,-5566,-5351,-5412
-7348,-4664,-3572,32767,-11582,-15815,-8488,1624,-2732,-21543,-23332,13743,2280,-13452,-3172,-2443,207,1379
-15428,2044,-15652,32767,-22002,-7548,-9988,-3112,-12280,-29186,-27578,21096,1028,-4228,3352,3133,4350,6612
-17932,1780,-16708,32767,-10512,-15910,-12476,-19172,-10512,-11733,-25130,20625,1296,-2040,2632,8782,4233,3991
-12416,6960,-15396,11185,-24162,-26679,-10840,-6584,-10428,1497,-24103,20359,1908,-1708,340,8702,2539,675
-10188,6772,-13060,16206,-18616,-12863,-3616,-8720,-11536,-13075,-28078,5671,1768,-1020,772,6429,1373,-2893
-7708,4452,-24708,17578,-30058,-5120,-6956,-15300,-19060,-18082,-32768,-203,2752,-10036,-5732,4271,633,-3254
-9268,13784,-27484,23799,-26363,-7207,-4944,-9080,-32768,-11851,-32768,-5771,9672,-25396,-18684,3305,-10046,-4303
9672,-25396,-18684,3305,-10046,-4303,-3108,-14196,-32768,-12732,-32768,-10020,16364,-32768,5512,13162,-24196,-9925
-10552,15176,-32768,26057,-28462,7203,-10632,-6996,-32768,1625,-32768,-9711,3668,-12060,-6380,15205,6066,7717
-12684,21164,-32768,-14289,-32768,-12272,-15108,-7224,-29468,-3383,-32768,-9521,3872,-11968,-1336,11921,9120,11701
19304,-13660,7920,16577,2007,-1801,14360,17212,11744,-5836,-5946,4911,7632,-17692,-8040,-3963,-2339,-1431
20092,-20588,12432,22368,3140,-10140,16560,17568,9264,-8957,-7152,9622,4960,-27524,-8088,-921,4392,-1371
15172,-10956,12776,28175,2490,-16816,14908,10792,10576,-12119,-10609,10756,6012,-32220,-9640,-3881,-577,-3173
3044,-9408,10692,23541,-3169,-23406,5740,9056,6756,-6226,-14944,14537,7276,-30892,-8240,-5566,-5351,-5412
-7348,-4664,-3572,32767,-11582,-15815,-8488,1624,-2732,-21543,-23332,13743,2280,-13452,-3172,-2443,207,1379
-15428,2044,-15652,32767,-22002,-7548,-9988,-3112,-12280,-29186,-27578,21096,1028,-4228,3352,3133,4350,6612
-17932,1780,-16708,32767,-10512,-15910,-12476,-19172,-10512,-11733,-25130,20625,1296,-2040,2632,8782,4233,3991
-12416,6960,-15396,11185,-24162,-26679,-10840,-6584,-10428,1497,-24103,20359,1908,-1708,340,8702,2539,675
-10188,6772,-13060,16206,-18616,-12863,-3616,-8720,-11536,-13075,-28078,5671,1768,-1020,772,6429,1373,-2893
-7708,4452,-24708,17578,-30058,-5120,-6956,-15300,-19060,-18082,-32768,-203,2752,-10036,-5732,4271,633,-3254
-9268,13784,-27484,23799,-26363,-7207,-4944,-9080,-32768,-11851,-32768,-5771,9672,-25396,-18684,3305,-10046,-4303
9672,-25396,-18684,3305,-10046,-4303,-3108,-14196,-32768,-12732,-32768,-10020,16364,-32768,5512,13162,-24196,-9925
-9524,2432,-17316,-18453,14268,-32339,-14392,-4540,-12536,25622,21044,23164,3376,-13208,1960,1393,3620,-388
-7960,8364,-19700,-22737,18055,-19125,-11520,-5228,-18632,25622,32767,21589,1868,-12552,1052,-366,4246,-135
-10320,15216,-24368,-31804,28225,-12667,-8844,-10208,-24536,23511,32767,14169,1932,-13268,2836,-70,2720,-651
-14148,18040,-26440,-32768,24758,-8002,-9924,-18764,-26980,23209,32767,8334,3744,-17228,4952,-5476,-5171,-2932
-13740,26580,-31536,-32768,21185,-2206,-13724,-30688,-32768,28051,32767,-2869,4336,-18820,1572,-6764,-6123,-1052
-15764,25816,-32768,-32768,8008,589,-13428,-26620,-29832,23673,32767,-18487,7008,-25104,-2428,-4636,-5366,365
-16112,30876,-32096,-32768,5968,7047,-11932,-32768,-27364,27766,30059,-17654,11104,-32768,-3132,-9007,-6187,-960
-12544,18576,-21484,-32768,-4803,8827,-7604,-23132,-14868,32767,17665,-22168,7812,-32768,-3864,-10483,3660,-1026
-8584,10196,-8800,-27542,-7409,22987,-6016,-12972,-3152,11000,9945,-32768,4824,-17484,-828,-6388,4515,2809
-8792,6200,-13432,-27134,-8462,23005,-7680,-11180,-2696,1283,10496,-32768,2128,-6532,1188,-5467,6845,1777
-10872,2880,-15804,-32514,-4135,19645,-12028,-5704,-7268,8219,12407,-22905,812,-1556,3016,838,2349,4271
-8616,-3820,-15956,-27563,-11795,22905,-11164,-2204,-7036,13799,8093,-16644,1340,-92,-580,-1944,525,5755
-8732,-5944,-13292,-26055,-6188,24863,-10012,1564,-6660,3994,5670,-19335,5280,-1392,424,-3781,515,1134
-3728,-10872,-9348,-16320,125,28159,-10024,3320,-8768,3244,5382,-14746,1156,-704,-544,-715,1152,793
5024,-10628,1900,-19345,6176,13265,1012,10896,8628,14683,12066,-3688,2748,-2128,-2032,-752,2450,2171
10468,-32768,17784,-32768,-9191,-1873,9116,24468,22228,32767,13548,-705,3144,-26268,-12424,7526,12134,-4430
18304,-32768,13472,23309,-1093,10619,8612,29628,9320,-427,-6122,810,-2604,-32768,-6500,17011,-7024,-9279
18336,-26664,7368,11651,-17476,-4691,12676,20148,9208,-7952,-9566,2692,10296,-14800,-9264,4150,-13196,-603
15620,-13252,14088,29128,-1788,-13698,16940,14768,6600,-6536,-11093,10823,7380,-20288,-6704,-728,-1815,-1318
20284,-11908,6572,32767,-2867,-8997,18732,13140,4080,-4017,-9468,16953,5952,-32768,-332,-4112,3189,618
5528,-8536,8260,24380,-8395,-19091,9344,7800,-2236,-14682,-12906,10874,5056,-32324,-3384,-10178,-2544,-5797
-6076,-5932,-12336,32767,-19283,-5189,-5024,-648,-2500,-23966,-10644,11935,5640,-18280,-4800,-6016,-6326,-33
-15028,12604,-26824,32767,-25627,-22602,-11128,-9328,-16628,-29339,-26577,20587,1428,-5596,3916,4722,7337,1645
-16708,10840,-18496,24215,-15816,-31718,-6284,-20144,-16424,-24025,-26119,15091,1672,-1804,-308,9406,4223,5646
